Bowler,Cluster,DPPI_Bowl
TG Southee,1,1.9315076096549655
Rashid Khan,1,1.9175219016826561
SL Malinga,1,1.8383191525148637
Saeed Ajmal,1,1.8252959953743644
Mustafizur Rahman,1,1.7791957864231878
CJ Jordan,1,1.7543172321326925
Haris Rauf,1,1.752299428851685
B Kumar,1,1.7481977475284882
JJ Bumrah,1,1.7053110580685336
Mohammad Amir,1,1.6818823826839147
Hasan Ali,1,1.6564427040075314
DJ Bravo,1,1.6353563097000403
LM Jongwe,1,1.6272107642702427
TA Boult,1,1.6237406304013509
Shaheen Shah Afridi,1,1.6076920291316141
Umar Gul,1,1.6040036153687813
IS Sodhi,1,1.602120762642982
Mohammad Nabi,1,1.585859946289621
SM Sharif,1,1.5781223156919189
L Ngidi,1,1.5627910486898733
K Rabada,1,1.5557361122228215
MR Adair,1,1.532624924500171
SP Narine,1,1.5289524137376636
Zahoor Khan,1,1.5198996607261568
Rohan Mustafa,1,1.510522912774095
LH Ferguson,1,1.5000726732002163
Shakib Al Hasan,1,1.495776387153429
WD Parnell,1,1.4858418470863248
B Muzarabani,1,1.4799039778461107
Bilal Khan,1,1.4665002102631899
TL Chatara,1,1.4608203731154419
MJ Santner,1,1.4566917960383476
KMDN Kulasekara,1,1.4498846563031627
Arshdeep Singh,1,1.4382297499718446
DW Steyn,1,1.4353909050390294
R Ashwin,1,1.4287952647465554
Washeem Abbas,1,1.4266115948606204
M Morkel,1,1.422563173099387
R Ngarava,1,1.4178336124125581
AL Phehlukwayo,1,1.4094642722204904
PWH de Silva,1,1.404682814618429
DJ Willey,1,1.4015725287120537
PA van Meekeren,1,1.3966889254200414
DM Nakrani,1,1.3952882289862434
HH Pandya,1,1.3893470019572778
SN Thakur,1,1.3816137137880196
Dawlat Zadran,1,1.379585911707425
HV Patel,1,1.3782538483107707
Taskin Ahmed,1,1.3773072530820505
YS Chahal,1,1.372094184995169
Ijaz Hussain,1,1.371549686845558
JO Holder,1,1.3698870850353793
GH Dockrell,1,1.3691877864755049
JJ Smit,1,1.3654650525340035
JN Frylinck,1,1.3577405672198921
SS Cottrell,1,1.3454128763328406
MRJ Watt,1,1.3432528493757079
D Wiese,1,1.338545567341232
JW Dernbach,1,1.3339893277640156
BE Hendricks,1,1.3325219988464592
NLTC Perera,1,1.3316222263542334
Wahab Riaz,1,1.3301325954152954
JDS Neesham,1,1.3211427943735605
Hamid Hassan,1,1.3159994623288331
BAW Mendis,1,1.3128692606001948
Junaid Siddique,1,1.3123199578272673
CW Perchard,1,1.3086815697295004
Karim Janat,1,1.3027702517505908
Bilal Hassun,1,1.29531493740508
Amjad Mahboob,1,1.2906329543941029
Aizaz Khan,1,1.2801340108421169
N Vanua,1,1.2794859871735857
A Nehra,1,1.2783823382340216
I Udana,1,1.274824541288766
JP Faulkner,1,1.2697739575735798
Shoriful Islam,1,1.2681736747809953
Karan KC,1,1.2678089385043387
Naveen-ul-Haq,1,1.259818441607059
JH Davey,1,1.2544560602495656
DG Blampied,1,1.2543876618154568
SCJ Broad,1,1.252893856148314
AJ Tye,1,1.2503750423402915
J Little,1,1.2468803273771587
CH Morris,1,1.2459357819581411
PJ Cummins,1,1.2432826340036152
Ahsan Malik,1,1.241344656567108
Janak Prakash,1,1.2405090261955738
Mohammad Naveed,1,1.2372372896575625
D Heyliger,1,1.2366248731700353
KD Mills,1,1.232852676254291
K Waiswa,1,1.231554434922697
MA Starc,1,1.226106859991031
RJW Topley,1,1.2243340783602015
Sohail Tanvir,1,1.2241855184048258
FJ Klaassen,1,1.2219994621287096
Mohammad Saifuddin,1,1.221129954321568
R Rampaul,1,1.2204964966341376
CJ Jordan,1,1.2182816898976543
S Muniandy,1,1.209872539981747
Fareed Ahmad,1,1.2077892844250588
PVD Chameera,1,1.207509071778266
AF Milne,1,1.2074605436566865
R Shepherd,1,1.2069168831472765
BJ McCarthy,1,1.1994758356028172
Al-Amin Hossain,1,1.1993092147193818
D Pretorius,1,1.1991388443143798
KJ Abbott,1,1.1983935119791302
AD Russell,1,1.1961057538911946
TK Curran,1,1.192650426786335
MN Samuels,1,1.1886565549931343
MR Adair,1,1.1862034087922912
Fazalhaq Farooqi,1,1.1831464345237657
Fitri Sham,1,1.182265244384055
A Nortje,1,1.180213463715031
E Otieno,1,1.179132068286565
TG Southee,1,1.1764870494375703
JDP Oram,1,1.1762918449579507
DL Chahar,1,1.174702941794042
Gulbadin Naib,1,1.166516669102653
CBRLS Kumara,1,1.1657221138479619
Mohammad Wasim,1,1.165293521272189
Khalid Ahmadi,1,1.1618229854451882
SL Malinga,1,1.1572813282297212
A Zampa,1,1.156443100833461
Imran Tahir,1,1.1559128755910895
T van der Gugten,1,1.1547533912030283
CB Mpofu,1,1.1546751582961763
Shapoor Zadran,1,1.1521741795383016
SR Watson,1,1.1516577897214946
DJ Bravo,1,1.1508725161903581
MM Ali,1,1.149772664753355
Ehsan Khan,1,1.1482966628220033
Mustafizur Rahman,1,1.1478262961440229
BD Glover,1,1.1445300161174883
PM Seelaar,1,1.142785750047901
Muhammad Wafiq,1,1.1388374615408146
AM Kimote,1,1.1369976193530664
Shakib Al Hasan,1,1.1347693383472528
WP Masakadza,1,1.1344539282135053
K Nassoro,1,1.128019578341114
SM Curran,1,1.1277274592053983
T Shamsi,1,1.1263968495397134
MA Starc,1,1.1246534672830384
SE Bond,1,1.1239125506349554
Harbhajan Singh,1,1.1217984973247135
Simi Singh,1,1.1217648554724649
Haris Rauf,1,1.1215114298730833
A Bohara,1,1.1159948661952455
Shahid Afridi,1,1.114650130988587
BTJ Wheal,1,1.1004730288215858
PJ Cummins,1,1.1002155683097028
R McLaren,1,1.0911617150601567
B Kumar,1,1.0880743244296598
Mahmudullah,1,1.0844789096989906
Umar Gul,1,1.0828850053518086
IK Pathan,1,1.0809443041198934
MJ McClenaghan,1,1.080413107140295
J Little,1,1.07868086020438
Shadab Khan,1,1.077726321022109
PVD Chameera,1,1.0755520890936197
AB Dinda,1,1.0751852749485278
Syed Aziz,1,1.0730277857130142
Saeed Ajmal,1,1.0723297988452571
AR Patel,1,1.0684193129539525
WB Rankin,1,1.0653178369592142
SM Sharif,1,1.0647412432881103
BM Tickner,1,1.0624494255130317
MG Johnson,1,1.0624045944915057
CO Obuya,1,1.0618549849669487
JJ Bumrah,1,1.0617282361824472
JW Dernbach,1,1.0615760118204838
KMDN Kulasekara,1,1.0604121241937299
J Shaju,1,1.0600403899507524
RE van der Merwe,1,1.0586900387337674
KJ O'Brien,1,1.0580113441927514
T Panyangara,1,1.054882374484725
CA Young,1,1.0542763536830757
TL Chatara,1,1.054234582586881
Aizaz Khan,1,1.0527637993471521
Haroon Arshad,1,1.0525258343625514
D Klein,1,1.0519498143927106
PA van Meekeren,1,1.0473850994711347
JM Anderson,1,1.0442495485754835
P Aho,1,1.0429817141131914
Sahel Zadran,1,1.0427605897475924
Rizwan Butt,1,1.0414873029580807
KOK Williams,1,1.0404371634608593
Sahir Naqash,1,1.03880432411892
NLTC Perera,1,1.037348216628577
Mohammad Saifuddin,1,1.036685110264764
WD Parnell,1,1.035330936624543
Rashid Khan,1,1.0344743374104959
J Botha,1,1.0342253328600388
AS Joseph,1,1.033969578471557
Bilal Khan,1,1.0331174320757395
Shafiul Islam,1,1.03151749637717
TA Boult,1,1.030180226559331
JO Holder,1,1.0289061041709484
Mohammad Nabi,1,1.0278441094523798
Mudassar Bukhari,1,1.0258975593380075
Wahab Riaz,1,1.0258294025792118
Virandeep Singh,1,1.024902618058646
KW Richardson,1,1.0246189279357003
Ghulam Ahmadi,1,1.0238451820384737
BJ McCarthy,1,1.0226334722139392
Shaheen Shah Afridi,1,1.0224578278969298
DT Tiripano,1,1.0224262704500109
CA Young,1,1.022108250405919
DM Nakrani,1,1.0218431327084365
W Peatfield,1,1.0210756090754207
R Mangal,1,1.0193337816649526
SCJ Broad,1,1.0168559169138707
Mohammed Shami,1,1.0160366215009848
CB Mpofu,1,1.0142257553458744
SS Cottrell,1,1.0135290560062469
ST Finn,1,1.0120370360927817
D Klein,1,1.0119516809744418
AU Rashid,1,1.011490634212773
Noman Amjad,1,1.0106504029989019
AD Russell,1,1.0075369842798023
JR Hazlewood,1,1.006897982842872
Sohail Tanvir,1,1.0068704112487474
Zahoor Khan,1,1.006525473429368
NR Johns-Wickberg,1,1.0031117053699057
Mohammad Amir,1,1.0027638301349469
Riazat Ali Shah,1,1.0020467803713544
Riazat Ali Shah,1,1.001316160177312
DW Steyn,1,1.0012798841264323
Sayed Monib,1,1.0010393431166233
AJ Tye,1,1.0007976014903712
K Rabada,1,1.000301644357479
N Pradeep,1,0.9969561331883847
CR Woakes,1,0.9951132489351884
S Lamichhane,1,0.9943277940586263
OC McCoy,1,0.9930671160848153
A Bohara,1,0.9922734151628141
SW Tait,1,0.9912767076999762
TT Bresnan,1,0.9882022262948569
Sarfaraz Ali,1,0.9857944659499467
KOK Williams,1,0.9857813460126099
Janak Prakash,1,0.9851385456143891
Hasan Ali,1,0.9844005482453535
Dawlat Zadran,1,0.9831548789386901
J Sumerauer,1,0.9822125107539541
JJ Smit,1,0.9802797049432938
AR Cusack,1,0.9798145717278002
MA Wood,1,0.9785179942931529
JA Morkel,1,0.9784451117901038
LV van Beek,1,0.9776583360743024
Amjad Javed,1,0.9775896035447482
N Vanua,1,0.9757617619713778
Mohammad Hafeez,1,0.9746128154246982
SR Watson,1,0.9745422341873748
B Muzarabani,1,0.9726658643495624
NN Odhiambo,1,0.9710072083087153
Fazalhaq Farooqi,1,0.9709568018983152
R Ngarava,1,0.9700109881055482
P Khadka,1,0.9692454426214719
FH Edwards,1,0.9683838058715118
Rohan Mustafa,1,0.966821655269806
Taskin Ahmed,1,0.964617354646126
CR Brathwaite,1,0.9625665168257096
GH Dockrell,1,0.9616050364770294
GK Berg,1,0.9607345013765707
Washeem Abbas,1,0.9602652271467831
Pavandeep Singh,1,0.960167959944942
KA Pollard,1,0.958663285894344
T van der Gugten,1,0.9584352079350676
JDS Neesham,1,0.9580635973453789
AL Phehlukwayo,1,0.9562720025452232
NL McCullum,1,0.9561388298405791
Rubel Hossain,1,0.9559585818782734
Mohammad Hasnain,1,0.9556444435522271
A Vala,1,0.9555161288323561
M Morkel,1,0.9531333676752571
JE Taylor,1,0.9526316358517692
Aqib Iqbal,1,0.9523337103656525
CG Williams,1,0.9522647014413662
OD Hald,1,0.9510635467707976
KA Pollard,1,0.9479511618992157
TK Curran,1,0.9478115154140467
CW Perchard,1,0.946633348855469
JH Davey,1,0.946066747476972
RJ Sidebottom,1,0.9460454574821116
SM Curran,1,0.9446890836402246
PADLR Sandakan,1,0.9445194574364931
Mohammad Sami,1,0.944177193980602
Abdur Razzak,1,0.9411478054774507
AC Evans,1,0.940380889419405
Arshdeep Singh,1,0.9393073017810953
TM Dilshan,1,0.9392192308347794
N Pokana,1,0.9388325846471063
MA Wood,1,0.937692465269369
FJ Klaassen,1,0.9375369978601522
SVE Bharathi,1,0.9372492010139711
Shahid Afridi,1,0.936638682894144
Karan KC,1,0.935875361976773
KJ O'Brien,1,0.9352949902057779
KD Mills,1,0.9338884387655021
T Muzarabani,1,0.9322917958859769
AF Milne,1,0.9304483205227636
NM Coulter-Nile,1,0.9291226518692655
N Madziva,1,0.9288424259906798
C Rububagumya,1,0.9265529790053397
LM Jongwe,1,0.9255927643775322
S Lamichhane,1,0.9250986089771628
Shoriful Islam,1,0.9222063064919326
Ahsan Malik,1,0.9189062627233577
MRJ Watt,1,0.9182429636831759
DP Nannes,1,0.9175348786494668
BA Stokes,1,0.9169660389182711
Shapoor Zadran,1,0.9156265986747414
Sahir Naqash,1,0.9147714186931929
KMA Paul,1,0.9144129870604867
I Udana,1,0.9136822693683336
L Ngidi,1,0.9136151806262433
YS Chahal,1,0.912913514910439
Usman Shinwari,1,0.9124993705087461
RA Jadeja,1,0.9110315158508717
CAK Rajitha,1,0.9105966110401285
D Wiese,1,0.9100456710637037
R Shepherd,1,0.9090208999893215
Waqas Ahmad,1,0.908563452090162
Yasir Ali,1,0.9083211475739653
JP Faulkner,1,0.9076759930275786
D Maisuria,1,0.9046731194663672
Haroon Arshad,1,0.9036334426210442
Ahmed Raza,1,0.9021311885356452
SO Ngoche,1,0.9012528147000013
H Lakov,1,0.8990610763403475
IS Sodhi,1,0.8988464842505844
Amjad Mahboob,1,0.896051985883859
Saber Zakhil,1,0.894378271258121
Atif Mehmood,1,0.8934804036510218
HV Patel,1,0.893403719198882
JN Frylinck,1,0.8931450757762012
S Muniandy,1,0.8898206960530588
Kashif Daud,1,0.8879824196517173
SA Ahmad,1,0.8869945266773295
D Paterson,1,0.8853531480546476
PWH de Silva,1,0.8850201213753977
SP Narine,1,0.8848958022627395
S Wickramasekara,1,0.8812807335815915
WB Rankin,1,0.880332156282732
V Vijh,1,0.8783928614752643
Z Bimenyimana,1,0.8772002155690983
BAW Mendis,1,0.8769765239908629
Ali Nayyer,1,0.8762954696227816
Ehsan Khan,1,0.8749698404067423
Fareed Ahmad,1,0.8740868933079389
Tejwinder Singh,1,0.8736573161441425
Ghulam Ahmadi,1,0.8713957960411731
RJ Sidebottom,1,0.8713230260579105
Al-Amin Hossain,1,0.8698975175601139
D Heyliger,1,0.8689885795522849
T Panyangara,1,0.8687770970829438
KJ Abbott,1,0.8686521219718255
Rizwan Butt,1,0.8684750069927154
M Theekshana,1,0.8666260699725608
DMW Rawlins,1,0.8660566498116005
C Viljoen,1,0.8647398135868518
MD Shanaka,1,0.8646835528001175
MD Shanaka,1,0.864365841609976
DAJ Bracewell,1,0.8639124460136431
LN Oluoch,1,0.8627985603727815
CA Soper,1,0.860254859066067
R Ashwin,1,0.8590840437020855
HH Pandya,1,0.8585672670583196
AM Kimote,1,0.8583334528460904
S Veerapathiran,1,0.8581397809410571
RR Patel,1,0.8570426358752823
DT Tiripano,1,0.8567154425360286
Hamid Hassan,1,0.8559749575213913
A Nortje,1,0.8547257982772944
Bilal Muhammad,1,0.8537066881429174
Haseeb Amjad,1,0.8530359500128173
Sarfaraz Ali,1,0.8508972607924523
A Zampa,1,0.8490183500218944
Shafiul Islam,1,0.848560172534189
KM Jarvis,1,0.8483528559638149
Junaid Siddique,1,0.8481471924465342
Khawar Ali,1,0.8475770975479573
C Campher,1,0.8473012997181474
Naveen-ul-Haq,1,0.8459868342220792
CH Morris,1,0.8453572002782939
IO Okpe,1,0.8448063549467641
Vinay Ravi,1,0.8446738889212607
JC Archer,1,0.8443473130425985
SJ Benn,1,0.8434282480748684
VP Thamotharam,1,0.8431333966030787
JA Richardson,1,0.842342377250559
Aamir Kaleem,1,0.842293060785049
Bilal Hassun,1,0.8420985509008203
MP Stoinis,1,0.8415313382382156
GJ Delany,1,0.8414119833288218
DJ Willey,1,0.8412200653258123
J Miyaji,1,0.8386589544653871
Naseem Shah,1,0.8370987636452866
Mudassar Bukhari,1,0.8369373277963316
Mohammad Wasim,1,0.8361882629786314
J Theron,1,0.8354371966876889
TS Mills,1,0.8345931579615515
HV Mandhyan,1,0.8330881476830367
DL Chahar,1,0.8313134904186372
Mohammad Naveed,1,0.8307077675791752
AR McBrine,1,0.8302710946724524
A Ashokan,1,0.8301808589108677
DA Blignaut,1,0.8295668927763105
OF Smith,1,0.8280509999117974
RJW Topley,1,0.8274436834674689
N Pokana,1,0.8236638625594236
Yasir Ali,1,0.8234548519016032
Zeeshan Kukikhel,1,0.8220319751546241
MB Tambe,1,0.8209434012226231
NL McCullum,1,0.8205116499174274
LN Oluoch,1,0.8201304609706026
Shiraz Khan,1,0.8196102668536972
AC Agar,1,0.8193430292064521
L Balaji,1,0.8168688966187756
M Muralitharan,1,0.8151513829225248
DJ Mitchell,1,0.8147371508524186
CJA Amini,1,0.8125243683633052
LV van Beek,1,0.8110480363770569
Gayan Munaweera,1,0.8103401820252363
JEC Franklin,1,0.8096181707994442
E Otieno,1,0.8092646831480116
AU Rashid,1,0.8086476055909423
A Nehra,1,0.8084590878654042
Faheem Ashraf,1,0.8076383581991159
P Mishra,1,0.8061372991948662
Izatullah Dawlatzai,1,0.806106808440388
SA Ahmad,1,0.8045633897747715
Usman Shinwari,1,0.8044003840903319
SC Williams,1,0.8028139849189124
NR Johns-Wickberg,1,0.801074309416513
V Saini,1,0.801074309416513
M de Lange,1,0.8010299412047936
D Pretorius,1,0.7997286189781763
Sikandar Raza,1,0.7989937857132436
MJ McClenaghan,1,0.7981447457772791
K Waiswa,1,0.7961373619539122
Mohammed Shami,1,0.7960362776752923
Sayed Monib,1,0.7927547518277245
Muhammad Wafiq,1,0.7875671709460621
Hasan Mahmud,1,0.7874872884119886
SN Thakur,1,0.7872819571404415
N Madziva,1,0.785689494652052
NN Odhiambo,1,0.7852591366152507
N Nipiko,1,0.7847618212267611
JA Morkel,1,0.7844964068205265
Z Khan,1,0.7840049488457013
Sami Ullah,1,0.7836718006762261
KS Leverock,1,0.7823726572945935
Fitri Sham,1,0.7813189442323832
A Venkatesh,1,0.7791707550978088
T Shamsi,1,0.7784350964350667
BFW de Leede,1,0.7781444449282239
Sompal Kami,1,0.77811395854183
AR Ramjani,1,0.7778637753013523
DMW Rawlins,1,0.7769802758727371
SA Jumbe,1,0.7742471337237427
RP Singh,1,0.7733213684446193
G Bakiweyem,1,0.7730250514758767
NW Bracken,1,0.7721447015301556
P Useni,1,0.7719869432820665
Fayyaz Butt,1,0.771778212606724
Kaleem Sana,1,0.7714382611236326
KK Ahmed,1,0.7693671596664966
R Vinay Kumar,1,0.7692852856537336
Junaid Khan,1,0.7688465786021266
I Takahashi,1,0.7685520889262987
BFW de Leede,1,0.7665001798199812
PM Seelaar,1,0.766259337273149
Raja Adeel,1,0.7644035911075548
ST Finn,1,0.7626142429063165
JDP Oram,1,0.7625681892045472
KV Morea,1,0.7608973426811348
AS Joseph,1,0.760529703068815
KAJ Roach,1,0.7603184599688586
RE van der Merwe,1,0.7594513492453291
Jitin Singh,1,0.7579454072852373
SK Raina,1,0.7574766112200881
S Conteh,1,0.7571514850127797
L Karlsson,1,0.7561169405701111
Zeeshan Maqsood,1,0.7550851899209285
PKD Chase,1,0.7547934809906067
KV Morea,1,0.7535773896193945
SW Tait,1,0.7519987813717379
Saud Munir,1,0.7512257408851453
Mohammad Kamran,1,0.74902320577389
MC Sorensen,1,0.7485843360668221
RJ Gleeson,1,0.7457856465559985
G Sesay,1,0.7437999812738902
LH Ferguson,1,0.7429523458630112
JJ Huo,1,0.7421373902275815
HR Walsh,1,0.7408030898092557
CK Langeveldt,1,0.7324730588178587
Shadab Khan,1,0.7321670063036707
DR Hooper,1,0.7315524558842883
C Kyewuta,1,0.731443645379445
Noman Amjad,1,0.7305834095545245
D Paterson,1,0.7299272821832219
BP Adapaka,1,0.7268918673655622
S Thakor,1,0.7261739833980786
JJ van der Wath,1,0.7251562366691328
RM Haq,1,0.7249597004781927
SHA Rance,1,0.7246909128061965
TJ Murtagh,1,0.7225776865140617
Zeeshan Kukikhel,1,0.7223494967721836
BA Stokes,1,0.7218475967099258
DJG Sammy,1,0.7216883972502193
WJ Cope,1,0.7213693517793593
Atif Kamal,1,0.721233461879833
RS Bopara,1,0.7175630993751552
SN Netravalkar,1,0.7168956457564621
Imran Anwar,1,0.7143073772806338
K Fletcher,1,0.7141190205534824
B Lee,1,0.7138582689841595
Aaron Jones,1,0.7135167096085726
J Sumerauer,1,0.7115576421369728
CBRLS Kumara,1,0.7105026150913464
Najjam Shahzad,1,0.7100039073116488
B Fernando,1,0.7099073933994735
Khizar Hayat,1,0.7095534768887504
E Jabarkhel,1,0.7094090419062561
Faheem Nazir,1,0.7090630873674391
PK Matautaava,1,0.7086355193198448
HJ Manenti,1,0.7070553196923081
Sami Sohail,1,0.7069063554378613
JD Unadkat,1,0.7048409744166537
Fazil Rahman,1,0.7044054587730044
S Snater,1,0.7038598622584232
Iqbal Hussain,1,0.7030740629635782
M Syahadat Ramli,1,0.7002255931522743
HAM Shah,1,0.6999917345368425
Harbhajan Singh,1,0.6987534492195091
Waqas Ahmad,1,0.698564141174014
LE Plunkett,1,0.6968340158962205
HV Mandhyan,1,0.6957126685933588
Gulbadin Naib,1,0.6944124315665441
NM Odhiambo,1,0.6932886398322899
D Madushanka,1,0.6929684437750612
NK Patel,1,0.6924118560457908
NT Ellis,1,0.6894845947395309
A Vala,1,0.6881659284171805
V Zimonjic,1,0.6873348916673236
W Peatfield,1,0.6868807871915168
SM Tupou,1,0.6837748081625705
W Kokaua,1,0.682457105877243
BG Lister,1,0.6817483839052747
Mohammad Irfan,1,0.6813675870293525
RK Kleinveldt,1,0.6799454450966849
ST Jayasuriya,1,0.6786419708703473
D Ravu,1,0.6779928481128866
HS Baidwan,1,0.6768299506425004
Azmatullah Omarzai,1,0.676381811345488
CO Obuya,1,0.6745679989066589
B Stanlake,1,0.6730219576043168
A Bishnoi,1,0.6711092229996938
Muslim Yar,1,0.6687134767514851
EJB Miles,1,0.66755469566004
HA Chohan,1,0.667220036736725
Nouman Sarwar,1,0.6652360481802216
RN ten Doeschate,1,0.6638759613796152
SMK Waththage,1,0.6635070705383359
LJ Myott,1,0.6628093227044756
A Mene-Ejegi,1,0.6621637950149121
DP Nannes,1,0.6604049493299724
Amir Hamza,1,0.660393259960213
G Stewart,1,0.6602364807533239
Syazrul Idrus,1,0.659895366329665
T Ritawa,1,0.6597812698169204
Usman Khan,1,0.659127878732442
Simi Singh,1,0.658143714007003
Nadeem Ahmed,1,0.6578062014507623
AA Gajic,1,0.6572179846333842
JS Patel,1,0.6570931928581825
D Maisuria,1,0.6555481878370385
A Gbla,1,0.6537968590268063
LT Bichard,1,0.6486234284498047
Rahmatullah Mangal,1,0.647546571001294
J Miyaji,1,0.6466317716021172
Ammar Khalid,1,0.6465358433686544
SE Bond,1,0.6462770546124607
M Akayezu,1,0.6461853426654685
MV Pavlovic,1,0.6446974248350327
GG Alta,1,0.6416580455401436
Ikramullah Khan,1,0.6411323270958317
GK Berg,1,0.6373413377610516
H Ssenyondo,1,0.6369611574471228
RJ Trott,1,0.6368680629746659
E Mathew,1,0.6357916945520445
Farhad Reza,1,0.635665627800632
RK Kiseto,1,0.6351099025532502
FA Cossa,1,0.6343516720986941
FH Edwards,1,0.634299284369691
GT Taylor,1,0.634081605097817
MJ Ansell,1,0.6324988001134277
Asad Ali Rehemtulla,1,0.631838633836006
DK Anefie,1,0.6310478283221782
Yuvraj Singh,1,0.6303349783349537
Amjad Javed,1,0.6298681280954166
Fanyan Mughal,1,0.6298122472132348
JM Anderson,1,0.6296637687826928
Amjad Sher,1,0.6290174876536078
Vishil Patel,1,0.6274939309160651
Yasir Arafat,1,0.6273228927552289
ND Laegsgaard,1,0.6270719951598608
DL Vettori,1,0.6266383797122436
MV Pavlovic,1,0.6256178914141504
Abdul Wahid,1,0.6226313372179217
Mohamed Shafeeq,1,0.6154175087929448
SC Kuggeleijn,1,0.6148295117686753
CJ Langford,1,0.6139314812822267
Sajid Liaqat,1,0.6131864744941785
Ahmed Wardak,1,0.610892510257909
MR Marsh,1,0.6101224882388285
J Jojo,1,0.6088198724150439
ST Jayasuriya,1,0.6070074320973319
DJ Hawoe,1,0.6068971415592772
Rizwan Haider,1,0.6068913813683643
I Wardlaw,1,0.6061284914575169
DAJ Bracewell,1,0.6038475275801104
B Regmi,1,0.6022621561822867
JD Nel,1,0.5991825514810958
P Florin,1,0.5984444766843431
B Masaba,1,0.5975044716171363
Fayaz Khan,1,0.5961979520042682
Vraj Patel,1,0.5951704857751813
HAM Shah,1,0.5885759135093956
K Hinds,1,0.5868003900027036
R Bakum,1,0.5846837945340138
K Santokie,1,0.5846632044490259
Sazib Bhuiyan,1,0.5787713382710458
A Dhingra,1,0.5774461311996758
Chen Zhuo Yue,1,0.5689263733492209
WK McCallan,1,0.5668487387615955
SK Awiah,1,0.5652890686236653
MW Machan,1,0.5553710384398629
RG Aga,1,0.5453234192030608
A Rangaswamy,1,0.5447415860990132
Abul Farhad,1,0.5437952170341206
GI Hume,1,0.5437952170341206
A Neill,1,0.5419931552288487
IG Holland,1,0.5412546282179517
Bashar Khan,1,0.5395345427570921
Zaker Taqawi,1,0.5377325513977802
AB Dinda,1,0.5365595537676375
G Fatouros,1,0.5313707708025249
Habib Khan,1,0.5302373186675341
Adil Butt,1,0.5292014658124313
Aizaz Cheema,1,0.5234390636598144
Qamar Mushtaque,1,0.5181961980950461
K Senamontree,1,0.5006047033681913
Ishtiaq Ahmad,1,0.49953550851133693
Shafat Ali Syed,1,0.48881619798346276
S Nsubuga,1,0.4751503227067097
LS Livingstone,1,0.4740920790824814
MA Baig,1,0.47263219611585305
E Chigumbura,1,0.46765042839174276
CT Mutombodzi,1,0.4670050408811104
M Yunusu Issa,1,0.4669618705637685
L Denny,1,0.461669310521739
MR Gillespie,1,0.4562833248634802
IKO Aboagye,1,0.45271991202673645
R Sharma,1,0.44569617366365677
M Syahadat Ramli,1,0.4437625474502064
P Cabebula,1,0.43626501347213975
AC Botha,1,0.43506807874548503
T Filer,1,0.43214533210446837
AC Douglas,1,0.42668502889273846
Ahmadullah Shinwari,1,0.42248169735781615
Gurpratap Singh,1,0.3757541140593335
RP Singh,1,0.35445919917808094
Mashrafe Mortaza,0,0.20970994739789348
MP Stoinis,0,0.13894782207390588
Syed Aziz,0,0.13731946770357278
Mohammad Sami,0,0.12175042399075911
J Albin,0,0.11907394022207826
S Mahmood,0,0.10944351181095896
M Ansari,0,0.09838903075265229
MJ Henry,0,0.09524901137405012
AC Agar,0,0.08665050323653284
Imran Khan,0,0.06707349241736271
P Aho,0,0.06420193277671998
C Karunaratne,0,0.06369230622731686
P Useni,0,0.05371112615763268
DT Christian,0,0.050275725490822154
A Kheterpal,0,0.03731114907746269
CJ Anderson,0,0.036706861369204064
Khalid Zahid,0,0.020774981678255366
J Bulele,0,0.017973685987299814
RP Burl,0,0.012460866928598519
H Fennell,0,0.007728540812330362
PR Stirling,0,0.007410000897980162
Zohaib Sarwar,0,0.003807395637683869
SI Kamea,0,0.003746061151335217
Rizwan Cheema,0,-0.005695955583793572
IG Butler,0,-0.007654457621175587
C de Grandhomme,0,-0.013739963126835411
BV Vitori,0,-0.015782773831842317
MJ Santner,0,-0.017399975326340605
MG Johnson,0,-0.019161778333535495
Mahmudullah,0,-0.02125789260598976
Aqib Iqbal,0,-0.025762106239307664
Irfan Ahmed,0,-0.026733554779098403
Ibrahim Rizan,0,-0.030388765806195123
U Aryaman Sunil,0,-0.030656963102114326
Imran Tahir,0,-0.03255789472597867
V Mitari,0,-0.03496192991255212
K Christie,0,-0.03659937929510872
SR Rocket,0,-0.040799137518125986
Ali Masood,0,-0.04178731267109999
BM Tickner,0,-0.041954465146997244
Abdullah Rana,0,-0.045279334111220884
K Nestor,0,-0.04565742191358994
Mohammad Hafeez,0,-0.04577252543310978
DT Johnston,0,-0.04885922380718877
Ijaz Hussain,0,-0.052260870138331986
S Vashisht,0,-0.052928162711603124
Waheed Ahmed,0,-0.05359170348834724
S Sengupta,0,-0.05640094703285621
IK Pathan,0,-0.05849176780629256
GD Drummond,0,-0.060211226401841025
JW Hastings,0,-0.06026539974832407
OD Hald,0,-0.06070656272192883
C Waiswa,0,-0.07152245735153627
DC Drakes,0,-0.07223849360315296
V Ganesan,0,-0.07753700904704215
M Dixit,0,-0.08197638816816387
Jaweed Sadran,0,-0.08249240025313252
O Thomas,0,-0.08320391845648521
Tejwinder Singh,0,-0.08397008003167448
Ahmed Raza,0,-0.08557269812102375
RAS Lakmal,0,-0.08616023524050158
CN Greaves,0,-0.0869490925280285
M Ozturk,0,-0.08760675996739842
Kuldeep Yadav,0,-0.09122468564234976
CB Sole,0,-0.09133939494130748
Bilawal Bhatti,0,-0.09340827816883167
Ritik Tomar,0,-0.0942387415463105
JA Burrows,0,-0.09507130032030882
E Niyomugabo,0,-0.0978269865969215
Amandeep Singh,0,-0.09806124526715297
Mohammad Ashraful,0,-0.09806700514390318
M Mooketsi,0,-0.09815997108524367
R Trumpelmann,0,-0.09901314543835021
Ali Yalmaz,0,-0.09957509132024726
OH Agbomadzie,0,-0.10118224752486753
Navdeep Saini,0,-0.10126990035447613
CJ Chibhabha,0,-0.10193185582754481
Waqas Barkat,0,-0.10290763679784647
FA Allen,0,-0.10307003588605305
RJ Peterson,0,-0.10307003588605305
A Dananjaya,0,-0.10332026539179055
JOA Gordon,0,-0.10340762717035416
BE Hendricks,0,-0.10430324978258208
Soumya Sarkar,0,-0.10482210671844197
Ibrahim Hassan,0,-0.10654858390625986
DC Stovell,0,-0.10710825129353535
I Sharma,0,-0.11017521082323417
C Wright,0,-0.1122077890317915
D Muhumuza,0,-0.11243304265919672
K Nassoro,0,-0.11309635579299858
Delawar Khan,0,-0.11316237485248558
Azam Khalil,0,-0.11332163039987579
DG Blampied,0,-0.1145403008610291
SR Thompson,0,-0.11467841632841647
CR Woakes,0,-0.11507400743346215
LJ Wright,0,-0.11539164582870469
G Chohan,0,-0.11607251791771696
DC Smith,0,-0.11693194642235542
GJ Maxwell,0,-0.1179209659692753
A Flintoff,0,-0.11974197129055335
KC D'Souza,0,-0.12006235303234196
DR Sams,0,-0.12038436862027509
P Malav,0,-0.12341788253651229
KS Bagabena,0,-0.12444183404261763
GDR Eranga,0,-0.12554127688217848
S Bodha,0,-0.1261788032986132
GM Muthui,0,-0.1263687147500313
Atif-Ur-Rehman,0,-0.12744658975198775
Mukesh Kumar,0,-0.13032781567563023
EB Ringera,0,-0.13238217106382222
AS Hansra,0,-0.13410355705163635
SA Okpe,0,-0.13468474608620315
N Pradeep,0,-0.13865263352906687
M Magagula,0,-0.14167375210073366
C Campher,0,-0.14203353539199387
Abu Jayed,0,-0.14233900084897366
UT Yadav,0,-0.14258112364693043
P Koech,0,-0.14735253013009073
JR Hazlewood,0,-0.14783923466673288
Qadeer Ahmed,0,-0.147859279389404
Surinder Singh,0,-0.1487756699392925
Aftab Alam,0,-0.14976286244341908
SW Masakadza,0,-0.1517339759267786
YM Nkanya,0,-0.15490269786216085
HA Varaiya,0,-0.15575143973149094
JA Fitzgerald,0,-0.15631562435575974
Mohammed Siraj,0,-0.1572791784371559
Usman Najeeb,0,-0.15863716950341622
Shahnawaz Dhani,0,-0.1593596607194096
GRD Munasinghe,0,-0.16073234828046534
AR Patel,0,-0.1633339866100718
Ahmad Khalid Ahmadzai,0,-0.16363055614373265
A Nao,0,-0.16453357802188645
A Andrews,0,-0.16641339228691546
M Kadyan,0,-0.16831202373316176
Alexandros Karvelas,0,-0.16911416290855574
Yasir Mehmood,0,-0.17272665133134393
BCJ Cutting,0,-0.17278650875501367
B Lee,0,-0.17337691577115294
Muhammad Saqib,0,-0.1739060846130876
Tanveer Ahmed,0,-0.1741916099645487
P Vekaria,0,-0.17561578481522658
BA Pai,0,-0.17602871160833017
Shahadat Hossain,0,-0.17660210323376163
AG Weligamage,0,-0.17782897327892422
JH Kallis,0,-0.17949013953410492
Shahrukh Quddus,0,-0.1801345226856153
Mohammed Nadeem,0,-0.1809561285775441
Faheem Ashraf,0,-0.18144864914905862
A Turkmen,0,-0.18201840357548818
B White,0,-0.1828606688645901
SMSM Senanayake,0,-0.18296405460621873
AM Fernando,0,-0.1840268134203616
Huzaifa Mohammed,0,-0.18518352751426698
RA Jadeja,0,-0.18622802257270143
Abdullah Akbarjan,0,-0.18710010987560038
L Bruce,0,-0.18761049642604327
L Balaji,0,-0.19012979526412416
MG Erasmus,0,-0.1904432893072054
BD Glover,0,-0.191849515157029
Amar Sharma,0,-0.1924482448139782
A Natubhai Ahir,0,-0.19267135055716028
DS Airee,0,-0.19337182562635352
RA Abolarin,0,-0.19415204039363937
SDJJ Dima,0,-0.19499441410206886
Mahedi Hasan,0,-0.19501669676221206
R Rampaul,0,-0.1951413201331163
I Ntirenganya,0,-0.1958424215103795
Hamza Tahir,0,-0.19688858211176352
R Kumar,0,-0.19711579353696895
Abu Hider,0,-0.19883503109987616
C Zavoiu,0,-0.19974036990805905
JRMVB Sanjaya,0,-0.20014971284316507
C Pengkumta,0,-0.20030099616425745
Jasdeep Singh,0,-0.20279691974635528
BM Wheeler,0,-0.205239320184014
S Kushretha,0,-0.20672070989041225
Umran Malik,0,-0.20705482369406766
PW Borren,0,-0.20782586469100306
J Botha,0,-0.2085968977377815
Kaleemullah,0,-0.20884507995799534
M Koli,0,-0.20980862620180796
PD Collingwood,0,-0.2102993461299219
JB Reva,0,-0.21227554874921212
MH Yardy,0,-0.2122902573816836
R McLaren,0,-0.21268751120256313
F Damiao Couana,0,-0.2128665253639596
TS Chisoro,0,-0.21306699248331212
KK Tillett,0,-0.21414812680629544
XJ Doherty,0,-0.21465480710798213
Ahsan Khan,0,-0.21483008628192923
P Utseya,0,-0.21489109259644573
DL Vettori,0,-0.21507441478219574
Wahidullah Sahak,0,-0.21612559596391773
JA Duffy,0,-0.2166817770662668
P Arrighi,0,-0.21669993326768391
C Viljoen,0,-0.21840466666653563
K Pierre,0,-0.21876904190498556
W Nalisa,0,-0.22106274541972187
JF Mooney,0,-0.22145167712720107
JA Richardson,0,-0.22249332870660515
CRD Fernando,0,-0.2234329283496677
V Saini,0,-0.22344400985616833
Kuldeep Lal,0,-0.22428618258122374
VD Adewoye,0,-0.22428618258122374
Raaz Mohammad,0,-0.2245942060970768
BN Toube,0,-0.22474502561227516
RM Hira,0,-0.22606938427387224
SSB Magala,0,-0.2261938522576667
RJ Hatchman,0,-0.2266063009653645
Mujeeb Ur Rahman,0,-0.22691179014251775
LN Onyango,0,-0.22708511792531533
JK Vifah,0,-0.22765485005680364
T Natarajan,0,-0.22817467070149414
Baljit Singh,0,-0.2292149570578754
NH Ekanayake,0,-0.22994861435848007
T Taylor,0,-0.23037622610321834
C Kyewuta,0,-0.2306039605721239
Rumman Raees,0,-0.23149834082574244
Mohammad Asif,0,-0.23199354822741794
V Vijh,0,-0.23202923990275748
S Sreesanth,0,-0.23242598248769786
KD Shah,0,-0.2334543098826865
Mashrafe Mortaza,0,-0.23475409640072242
Jaspreet Singh,0,-0.23577035073146263
I Sharma,0,-0.23725369364251842
RN Patel,0,-0.23726890037716086
Bilal Muhammad,0,-0.23904375315429274
Khizar Hayat,0,-0.23919629326524722
MA Leask,0,-0.2392204996334874
Anasim Khan,0,-0.2396086308533099
Asif Iqbal,0,-0.23961829791692388
AD Mathews,0,-0.2397980327493603
Abdullah Jasat,0,-0.24001904467500976
LB Williams,0,-0.24103999012874144
Muhammad Siddiqui,0,-0.2411302516681339
M Faheem,0,-0.24602252417756112
MM Sharma,0,-0.24684206849678847
M Theekshana,0,-0.24687423804234002
Aziz Mohammad,0,-0.24712220306525817
Khawar Ali,0,-0.24875875821699603
J Shaju,0,-0.24970298970998192
Umar Adam,0,-0.2511135492361802
Rubel Hossain,0,-0.2526385344808786
KW Richardson,0,-0.25321672761788
OC McCoy,0,-0.2541080059638828
RP Mitchell,0,-0.256159063100101
TC Vine,0,-0.2561861131743226
LA Burns,0,-0.25666942856045794
IK Gamantika,0,-0.2567376127288477
Naveed Ahmed,0,-0.2573441233992949
GB Hogg,0,-0.25772861973602806
A Ashokan,0,-0.25977895901045545
ASF Sirah,0,-0.25994394284663336
D Polpitiya,0,-0.26035405874019635
D Kalvin,0,-0.2604178973028634
DR Hooper,0,-0.260787954466557
R Hekure,0,-0.26118228613841143
S Davizi,0,-0.2623594445698874
Omar Rassol,0,-0.2624010198860065
Abdul Razzaq,0,-0.2624202777356611
A Orfila,0,-0.2627130801065352
HN Ya France,0,-0.2627946959586072
Saad Bin Zafar,0,-0.26343084114464915
GP Swann,0,-0.26417498809231893
BA Pai,0,-0.2647777956732917
T Thushara,0,-0.2655557291697207
Sompal Kami,0,-0.26584070337262034
Haseeb Amjad,0,-0.26727531707230406
KH Pandya,0,-0.271054966678173
Tauqeer Hussain,0,-0.2720023671193566
C Rumistrzewicz,0,-0.273167761599193
Aftab Alam,0,-0.27326490688639843
Shivam Mavi,0,-0.2733391930763736
Shoaib Akhtar,0,-0.2749205723191268
Mohammad Nadeem,0,-0.27497103997479505
CR Brathwaite,0,-0.27539062698792366
Usman Khan,0,-0.2765233978610239
CD de Lange,0,-0.2769035262151501
GT Main,0,-0.277142236729485
Akhil Anil,0,-0.2772617689070072
Abdur Razzak,0,-0.2792010863962825
Mohamed Mahfooz,0,-0.2800296813796185
NK Aneesh Kumar,0,-0.2802626156129336
IO Okpe,0,-0.2806537974103675
Nooruddin Mujadady,0,-0.28103258516298163
NJ Astle,0,-0.2811625291050323
SA Abbott,0,-0.2812993140776634
BTJ Wheal,0,-0.2833841935153905
MWR Stokes,0,-0.2834783040875526
Avesh Khan,0,-0.283752758560226
YK Pathan,0,-0.2844348485031731
WAE Burton,0,-0.2846176007139459
Sami Sohail,0,-0.2850999003720864
Mohammad Hasnain,0,-0.28585633290102463
Sarfaraj Patel,0,-0.28631809557550864
OGL Bascome,0,-0.2889197374939847
Ashwin Vinod,0,-0.28952827854595314
A Symonds,0,-0.28955522904541486
J Theron,0,-0.29081404061834376
CG Williams,0,-0.2915197660050329
CRD Fernando,0,-0.2916708536253193
J Broad,0,-0.2919205127631187
Baz Aybui,0,-0.291925599003613
CJ Anderson,0,-0.29332037292754426
VD Philander,0,-0.2938904542999952
Aslam Mohammad,0,-0.2942983571745755
Hayatullah Niazi,0,-0.2942983571745755
A Symonds,0,-0.2947732855535346
R Sakurano-Thomas,0,-0.29503816267870436
SI Mahmood,0,-0.2965435275875161
Jaweed Sadran,0,-0.29671933652666926
HER Tyler,0,-0.29786651638767847
Soumya Sarkar,0,-0.29842653135323005
Ravi Bishnoi,0,-0.29936149736293133
K Motlanka,0,-0.2999105549537905
GP Meade,0,-0.3007243122811552
MR Gillespie,0,-0.30079149202126365
YYM Jakda,0,-0.30215428903353403
JE Pitcher,0,-0.30303048286331125
D Nikolov,0,-0.3032722275008791
J Hill,0,-0.3058084175140429
DE Bollinger,0,-0.3060135700423998
D Wotu,0,-0.3074089202613411
Ammar Khalid,0,-0.3074963852272771
FN Walsh,0,-0.3084234132597797
Rahmatullah Mangal,0,-0.31092004180073096
KS Leverock,0,-0.3109243823182821
L Shafeeg,0,-0.31216793949658495
LB Williams,0,-0.31234295366791
Anwar Ali,0,-0.31555546066724965
JS Patel,0,-0.316539067277064
EJB Miles,0,-0.3167641643113611
Fakhrul Mohon,0,-0.31745719725782956
R Abdulkareem,0,-0.31774408055144704
J Perman,0,-0.3183904956619944
K Cawte,0,-0.3183904956619944
SC Kuggeleijn,0,-0.3185527590848403
Mohammad Ahsan,0,-0.318602952750491
SD Valjalo,0,-0.3188853842215728
KA Maharaj,0,-0.3202413840985744
S Tarawally,0,-0.3208808434560523
S Pradhan,0,-0.3211922778195295
J Butler,0,-0.32265886768735386
Samiullah Shenwari,0,-0.3227750086285134
AR Ramjani,0,-0.3228339620947823
Festus Benn,0,-0.3228831180429223
S Prasanna,0,-0.32391479474073415
Younis Khan,0,-0.32538513656280693
R Athapaththu,0,-0.3265140035939019
Ali Waqar,0,-0.3282156019794381
RR Emrit,0,-0.32873909148571173
D Jakiel,0,-0.3287938365210429
Anique Uddin,0,-0.3288017789567568
N Ahir,0,-0.3292220184641411
OF Smith,0,-0.3292629974345444
DL Maddy,0,-0.3298999615013426
TS Waqavakatoga,0,-0.3301743011991969
MJ Clarke,0,-0.33032086600488164
NM Coulter-Nile,0,-0.3308765287205725
Shagharai Sefat,0,-0.3309511895069494
Hamid Mahmood,0,-0.33276397095272453
SPD Smith,0,-0.3337727569141509
W Behr,0,-0.33431650923818834
SC Williams,0,-0.3349518519668251
Atif Kamal,0,-0.33526532625781597
Mohsin Khan,0,-0.3359890617912952
MNM Aslam,0,-0.33670591183493714
HK Bennett,0,-0.3369976720260309
Raza Hasan,0,-0.33713281989725175
B Ward,0,-0.33759264404942974
Nazril Rahman,0,-0.3378342634595397
M Ansari,0,-0.33888378586668727
L Sipamla,0,-0.3407242068639301
Abdul Waheed,0,-0.3408257470409438
Garret Banner,0,-0.34090069877521706
MG Erasmus,0,-0.3427106316239765
NW Bracken,0,-0.3428374797620544
Z Bimenyimana,0,-0.3434112555705938
JB Abega,0,-0.3440041434884734
MMR Obili,0,-0.3440628427600358
J Horrocks,0,-0.34450841747922356
Asad Mohammad,0,-0.34492099115076436
SH Obed,0,-0.34492099115076436
IKEG Artawan,0,-0.3450941190663033
Mahedi Hasan,0,-0.3460437717756672
Syed Maisam Ali,0,-0.34689343598856875
G Stewart,0,-0.34746304681849405
Ilyas Ahmed,0,-0.3482860183540806
A Dhingra,0,-0.34896479716778805
PR Stirling,0,-0.34976413193192174
Suman Ghimire,0,-0.35018471149621677
B Ward,0,-0.3502632673604863
DJG Sammy,0,-0.350389351546238
K Christie,0,-0.3507612027230559
Basil Hameed,0,-0.3511348818364241
AC Evans,0,-0.35147859825307665
Shiraz Khan,0,-0.3520002892811552
Taranjeet Singh,0,-0.35353037518770836
BDH Stevens,0,-0.3542379416943837
SNJ O'Keefe,0,-0.35442848374264657
L Wood,0,-0.35442848374264657
MD Bates,0,-0.3545656259674362
AR Cusack,0,-0.35588581835115934
RW Price,0,-0.35643075832951654
Jai Sinh,0,-0.35643075832951654
M Shahbaz Butt,0,-0.35677707163877026
ED Silva,0,-0.3580568192203075
KA Jamieson,0,-0.35865621528500136
MO Jones,0,-0.3594424466170731
E Packard,0,-0.3597119110311721
BV Vitori,0,-0.36041935492970045
HR Walsh,0,-0.36099157671660925
MK Anafie,0,-0.36144895180084
A Yon,0,-0.3622595598894479
E Sebareme,0,-0.3625089563353603
Raza Iqbal,0,-0.36322476753668875
AM Ellis,0,-0.3635698859786705
RJG Palmer,0,-0.36378795320607654
HB Shipley,0,-0.36464128255343226
M Ntini,0,-0.3649254255211677
Shoaib Akhtar,0,-0.3650760979437814
C Karunaratne,0,-0.36521567526147747
EB Ringera,0,-0.36532808692485935
R Mangal,0,-0.36550366006277246
S Ravichandran,0,-0.36604398872900645
JA Duffy,0,-0.3664442010320948
S Mahmood,0,-0.3665028176835194
Ziaur Rahman,0,-0.36787029549755196
Naeem Islam,0,-0.3690307892274668
Muhammad Tanveer,0,-0.36950044643573726
G Wijekoon,0,-0.369811842764576
Sikandar Raza,0,-0.37013294924134726
Tafseer Ali,0,-0.3712839860974235
Z Burgess,0,-0.3725885242159174
CH Gayle,0,-0.37260105166820884
N Zimonjic,0,-0.3737459083636254
Waseeq Ahmed,0,-0.3739562409694789
K Gilham,0,-0.3748861151859358
CH Gayle,0,-0.3753287663802162
S Wickramasekara,0,-0.37707190454852757
J Singye,0,-0.37711252053725874
Anshuman Rath,0,-0.377525942883329
SR Thompson,0,-0.3776313399745291
RJ Peterson,0,-0.3791432844212325
AL Stephen,0,-0.37976525705361736
Ismaila Tanba,0,-0.3798883737521915
JR Barry,0,-0.3801845885716294
Pyae Phyo Wai,0,-0.3804332508510305
KD Mehta,0,-0.38189064833906144
KP Meiyappan,0,-0.38261030333205454
AJ Hosein,0,-0.38390533394814147
JK Mukhiya,0,-0.3846358005160396
Muhammad Murad,0,-0.38474434571516425
J Evans,0,-0.3851885307007973
Huzaif Yousuf,0,-0.38521389794526373
Abul Hasan,0,-0.38564671247352467
RSK Samson,0,-0.38576130286107235
J Henry,0,-0.38632974240136553
DJ Hussey,0,-0.38645714040953
DR Tuffey,0,-0.3870054644855593
WT Gavera,0,-0.3873700287577468
SA Mohandas,0,-0.3877491727874524
Arafat Sunny,0,-0.3877491727874524
Ameer Saiyed,0,-0.38792928374237756
Mohammed Siraj,0,-0.3881181671391293
M Akayezu,0,-0.3890707570109309
HF Gurney,0,-0.38935091965219826
Sami Ullah,0,-0.39015241029478587
S Badree,0,-0.39016859791266584
MBS Jonkman,0,-0.3903071281538343
JM Vujinovich,0,-0.3912088842690471
Ali Naseer,0,-0.3919740640251702
IG Butler,0,-0.3921532227396058
M Podosky,0,-0.39254685135945067
DR Sams,0,-0.3927918415149678
Najjam Shahzad,0,-0.39290184526240707
K Irakoze,0,-0.39316704208798464
Ali Khan,0,-0.39335481802779193
Z Hoque,0,-0.3935638085053587
Khalid Ahmadi,0,-0.3935638085053587
RS Bopara,0,-0.39419403061570957
KMA Paul,0,-0.3945554516522304
Salman Nazar,0,-0.39500144149865024
Muhammet Kursat,0,-0.3950434094217695
A Krishna,0,-0.3954933850407642
PR Brown,0,-0.3955087985833585
N Ndouteng,0,-0.3956226918498669
V Zimonjic,0,-0.39565854602392575
GD Elliott,0,-0.3959328092668913
Mirwais Ashraf,0,-0.39673308326041407
Raaz Mohammad,0,-0.3968085970453579
Shoaib Malik,0,-0.3970023796082377
Mosaddek Hossain,0,-0.3970427651434897
GD Elliott,0,-0.39742347010090695
Mohammad Shahzad,0,-0.3976914870096684
T Rossi,0,-0.3992666490768315
Mohammad Nawaz,0,-0.39991132198220575
JC Archer,0,-0.40018808759450847
Sheraz Sheikh,0,-0.400349357003737
KAJ Roach,0,-0.4007288408691674
A Husain,0,-0.40106104466897885
GB Brent,0,-0.40202190955684375
GP Meade,0,-0.4026203977781123
Mohammad Irfan,0,-0.4033892595279234
CJ Delany,0,-0.40345436866319984
DS Airee,0,-0.40360156934048014
U Aryaman Sunil,0,-0.4037885712891903
Azyan Farhath,0,-0.4047860706315287
S Kaul,0,-0.40549399265395475
GD McGrath,0,-0.40651636047534284
JN Gillespie,0,-0.40829485414612393
Waseem Yaqoob,0,-0.4088529899344396
S Arachchige,0,-0.4088635503132652
S Snater,0,-0.4089226547252531
MB Tambe,0,-0.40893104320180806
K Modise,0,-0.4089443513429964
Afif Hossain,0,-0.4094183167764041
CJ Dala,0,-0.4097646626563649
Amir Zaib,0,-0.4118074055656805
Z Khan,0,-0.4130063248547641
Mohammad Shahzad (2),0,-0.4134935551322626
S Randiv,0,-0.4146611004507788
Vraj Patel,0,-0.4149837482061282
MA Leask,0,-0.4155127932169667
S Rengarajan,0,-0.4158761829557718
LN Rajbanshi,0,-0.4164962932315566
DB Loic,0,-0.41666605595755163
Tasaduq Hussain,0,-0.41853175497278977
H Thaker,0,-0.4189294724761383
A Nanda,0,-0.4191275978352232
DJ Mitchell,0,-0.41977591659727664
Kuldeep Yadav,0,-0.42005182633487426
AS Mehmi,0,-0.42046133150819526
Irfan Hafejee,0,-0.4208443119555395
Wahidullah Sahak,0,-0.42098335656148894
R Cunningham,0,-0.42348709950189256
JK Kamande,0,-0.42454936263156917
Bashir Shah,0,-0.42633426061707613
P Manning,0,-0.42693010347950955
Mohammad Shahzad,0,-0.42786570384611844
Zaman Khan,0,-0.42852711988357284
P Kumbhare,0,-0.42925761530223744
Zawar Farid,0,-0.43007488003785244
Ngawang Thinley,0,-0.43171978543487055
Sayed Shirzad,0,-0.4325923777172762
B Jerkovic,0,-0.432638965245753
DM de Silva,0,-0.4330520599540518
PF Gallagher,0,-0.43310949172790314
H Ssenyondo,0,-0.433686100590904
KJ Coetzer,0,-0.43391229781042734
VJ Kingma,0,-0.43393814256031155
HA Chohan,0,-0.43447492223732237
BV Sears,0,-0.4352117152924033
T Jamtsho,0,-0.43526665065635556
O Touray,0,-0.4353809278858494
T Lungameni,0,-0.4354340215860836
J Kariko,0,-0.43561636717777324
CK Langeveldt,0,-0.4360225283598216
KJ Young,0,-0.4362142363533694
SR Clark,0,-0.4370601209465238
SJ Patel,0,-0.4377395535660929
MR Swart,0,-0.43774119332692546
CJA Amini,0,-0.4380317262967944
GP Swann,0,-0.43813807279598443
PD Hennessy,0,-0.43886669567195824
LE Plunkett,0,-0.4389184750763633
Imran Khan,0,-0.4394596377305639
B George,0,-0.43952229107915686
DJ Hussey,0,-0.439654796968318
Faisal Khan,0,-0.4408441294232028
B Shikongo,0,-0.44115960385674813
KB Ahir,0,-0.4411767577707289
P Malav,0,-0.4416824642461492
Imran Khan (1),0,-0.44192873668873756
Nasrulla Rana,0,-0.44241499513291005
D Bishoo,0,-0.44241499513291005
JJ van der Wath,0,-0.4427673984631278
Joginder Sharma,0,-0.44357960167439403
Robiul Khan,0,-0.4448035023010064
DV Varghese,0,-0.4455436989712118
T Singye,0,-0.4455877559537754
F Nsubuga,0,-0.44563692546920575
Bilal Safdar,0,-0.44621743633717803
Khaibar Deldar,0,-0.4471041285057837
AG Cremer,0,-0.4471041285057837
A Khan,0,-0.4473247967234433
NM Odhiambo,0,-0.44736154194961636
BMAJ Mendis,0,-0.4477851941248541
SA Jumbe,0,-0.44863404417663494
AB Mengoumou,0,-0.4486466350674892
IE O'Brien,0,-0.4486466350674892
B Masaba,0,-0.4498315921777176
Adnan Idrees,0,-0.45015920738622195
DJM Short,0,-0.45021750077719647
V Ateak,0,-0.45042824143669963
A Shahzad,0,-0.45042824143669963
DV Varghese,0,-0.4511182189085287
S Davizi,0,-0.4512933930718918
N Nipiko,0,-0.4516704988696202
L Monanthane,0,-0.4518980499469406
Mohammed Alamgir,0,-0.45244252371061916
T Lungameni,0,-0.45337967717651406
Sagar Pun,0,-0.45355036492681094
Rizwan Haider,0,-0.45363223392472274
Ali Nayyer,0,-0.4539711429704055
CJ Gannon,0,-0.4539962735374505
Sana Ullah,0,-0.45401994198146445
AG Cremer,0,-0.4544475385769823
Fanyan Mughal,0,-0.4547567234890091
Ayyaz Qureshi,0,-0.4548728775133357
MS Aulakh,0,-0.4549066341500701
M Fru,0,-0.4549066341500701
PKD Chase,0,-0.4556740525666322
L Sipamla,0,-0.4561814230396616
Aftab Kayani,0,-0.45840113725663534
Ali Yalmaz,0,-0.4586474096992238
I Master,0,-0.45880022118876873
TJ Murtagh,0,-0.4593296932671148
TT Bresnan,0,-0.4604247106735233
Abubacarr Kuyateh,0,-0.4611821828208005
Sulaiman Ali,0,-0.46196894312415104
Zulfiqar Babar,0,-0.4620497441538822
JOA Gordon,0,-0.4622500442212686
RD Berrington,0,-0.4627346649201591
Ashiqullah Said,0,-0.46303063507154024
GDR Eranga,0,-0.4631301062684911
R Nehonde,0,-0.4636018245258757
Delawar Khan,0,-0.4636981335494919
Mohamed Shafeeq,0,-0.46427964325992654
JJ Nyambo,0,-0.4654951012962726
Naveed Shahid,0,-0.46576421867479467
G Mckeon,0,-0.465930473445354
BS Stephenson,0,-0.4675936822598442
Bilal Aftab,0,-0.46776649326166464
T Wangchuk,0,-0.46796232064369886
TL Best,0,-0.46796232064369886
Nasrulla Rana,0,-0.46866596974269714
Saad Bin Zafar,0,-0.46874253541098476
LJ Wright,0,-0.46887339266688316
BW Hilfenhaus,0,-0.4691610384128556
F Stoman,0,-0.46977144876843746
Mehedi Hasan Miraz,0,-0.4716371477836756
Arjun Vinod,0,-0.4722927431908743
J Jojo,0,-0.47279792958942374
P Florin,0,-0.47281256860388715
Raza-ur-Rehman,0,-0.473595294821596
SF Nhavotso,0,-0.47518544724462747
BG Lister,0,-0.4753383674639817
A Kheterpal,0,-0.4760715809896625
Tian Sen Qun,0,-0.47614631026861326
Tarun Yadav,0,-0.4765531777837784
SJ Patel,0,-0.47678719410937326
SVE Bharathi,0,-0.4771294284405229
A Khan,0,-0.47723325874315314
S Bhari,0,-0.4775739544127238
B Shikongo,0,-0.4775739544127238
NA Greenwood,0,-0.47832343487212
AV Lalcheta,0,-0.47852184250852114
Sirajullah Khadim,0,-0.4809192543443727
JN Loftie-Eaton,0,-0.4810000829625338
YK Pathan,0,-0.48103013537600764
AAP Rivero,0,-0.4812055980056257
HK Bennett,0,-0.4813441937150079
Khin Aye,0,-0.48180865418949453
ML Lewis,0,-0.48180865418949453
KK Ahmed,0,-0.4820562570046136
Syazrul Idrus,0,-0.48225542200215293
I Elec,0,-0.48225985442036123
BC Fortuin,0,-0.48318077463943826
Vinay Ravi,0,-0.4836941494154773
Ahmed Hassan,0,-0.4849319340848093
Amar Sharma,0,-0.4849981710062973
Ritik Tomar,0,-0.48507741335222404
JE Taylor,0,-0.4850841385573861
SSB Magala,0,-0.48539100930461665
PW Borren,0,-0.4858275987814035
DK Anefie,0,-0.4858377771172751
R Satheesan,0,-0.4866277706158881
Jaspreet Singh,0,-0.48783683706834974
RM West,0,-0.48789775447944705
DO Leicher,0,-0.4887217599886591
D Suzuki,0,-0.49083814241372525
MR Swart,0,-0.49288664420167244
H Osinde,0,-0.49316874929794463
Nasum Ahmed,0,-0.4938726096782047
MD Gunathilaka,0,-0.49482019626559964
Ali Khan,0,-0.49482019626559964
Sohail Khan,0,-0.4960533628180664
G Goudie,0,-0.4966050942511066
Ravi Bishnoi,0,-0.4967577899992677
Kaleem Sana,0,-0.4970947677710462
Abdullah Akbarjan,0,-0.4977864511185264
GT Main,0,-0.49825476483976716
PK Matautaava,0,-0.49827406647046557
Kashif Daud,0,-0.4985346707865121
Akhil Arjunan,0,-0.4985346707865121
Shahid Mahmood,0,-0.4989740950126392
SM Tupou,0,-0.4995016638550287
TS Chisoro,0,-0.4998851872920266
C Wright,0,-0.5008626770918874
BM Scholtz,0,-0.5020001494069786
MJG Rippon,0,-0.5025419008801548
D Finau,0,-0.502622701909886
M Gouws,0,-0.503291381339551
JR Hopes,0,-0.5033300466965789
S Sreesanth,0,-0.5033487525298851
A Mansale,0,-0.503390642749485
TH David,0,-0.5034366867336865
Omar Hayat,0,-0.5037770661573546
Imad Wasim,0,-0.504264779755919
T Natarajan,0,-0.5043347601889984
TS Braat,0,-0.5054915438456955
Gurdeep Singh,0,-0.5058872008118036
M Breban,0,-0.5063371764307985
VR Iyer,0,-0.5065213651043382
ACF Stokes,0,-0.5072832977645874
LS Livingstone,0,-0.5077800543781076
BC Fortuin,0,-0.5078984447244466
JEC Franklin,0,-0.5083394510176684
Ali Abdulla Popalzae,0,-0.5085352783997026
Nawaf Ahmed,0,-0.5086620958829082
JD Newton,0,-0.5086857643269223
Nizakat Khan,0,-0.5086857643269223
DL Brangman,0,-0.5086857643269223
Umran Malik,0,-0.5087100916920767
B Fernando,0,-0.5087974378536134
Kushal Malla,0,-0.5090478180303083
P Kumbhare,0,-0.5091584218827027
PA Hitchcock,0,-0.509334900875416
Muhammad Jawadullah,0,-0.5098998805522403
N Master,0,-0.5110938869838373
Alok Kapali,0,-0.5110938869838373
LL Tsotsobe,0,-0.5111828310062201
Amir Hamza,0,-0.5117234039153339
S Thanikaithasan,0,-0.5119940617573068
KP Meiyappan,0,-0.51368970645609
A Venkatesh,0,-0.5140525953049093
Rakibul Hasan,0,-0.5141682525775997
B Niaz,0,-0.514274262106144
MC Sorensen,0,-0.5148899985620541
Junaid Siddiqui,0,-0.5157001116096567
Amjad Sher,0,-0.5161685625747409
Qasim Anwar,0,-0.5177023861965266
M Sarenac,0,-0.5181016956098304
ED Silva,0,-0.5182027958576522
Shoaib Malik,0,-0.5188963926281237
Tariq Aziz,0,-0.5188963926281237
LL Tsotsobe,0,-0.5207319923791593
Mohammad Kamran,0,-0.5207559884748888
A Ndlovu,0,-0.5214922121003764
Z Abbasi,0,-0.5225443107056649
TM Odoyo,0,-0.524290775615495
Niv Nagavkar,0,-0.5246936301857498
TE Kane,0,-0.5249255664804793
GH O'Brien,0,-0.5249255664804793
FA Allen,0,-0.5259110302560059
CN Greaves,0,-0.5273014080568394
MJG Rippon,0,-0.5278145206956399
Sazib Bhuiyan,0,-0.5302056780577127
BJ Currie,0,-0.5317843754384923
Nawroz Mangal,0,-0.5320696128157674
S Vijay Unni,0,-0.5320778201630146
K Motlanka,0,-0.5325161983021012
J Baguma,0,-0.5332182648923628
JA Burrows,0,-0.5333556189812947
Hassan Mehmood,0,-0.534918468494314
M Prasanna,0,-0.5358273029368606
PM Liyanagamage,0,-0.5398119603942462
JD Unadkat,0,-0.5401402571169631
Ahmadschah Ahmadzai,0,-0.5406632332908714
Ahmad Khalid Ahmadzai,0,-0.5411423623328273
KS Bagabena,0,-0.5426325882564866
SM Pollock,0,-0.5429019478926275
B Evans,0,-0.5435020785596996
M Faraz Akram,0,-0.5458878436376988
Mohammad Nawaz,0,-0.5460008602389236
HJ Manenti,0,-0.5471950757538022
GJ Maxwell,0,-0.5475664576005712
R Hekure,0,-0.5477667534422873
D Ravu,0,-0.5482503493638016
P Jayawickrama,0,-0.5485732353872956
M Zondeki,0,-0.5487296521143361
Tanwir Afzal,0,-0.5487296521143361
Fawad Ahmed,0,-0.5489886788205374
MJ Henry,0,-0.5492981311442356
W Nalisa,0,-0.5494591578646488
CM Akachukwu,0,-0.5500373924062536
Mohammad Shahzad (2),0,-0.551315198027392
Alam Nakash,0,-0.551315198027392
MO Jones,0,-0.5513810366913872
Abdul Majid,0,-0.5524607619176483
LMP Simmons,0,-0.5524607619176483
P Cabebula,0,-0.5527294627405192
Adnan Idrees,0,-0.5536464722264043
Imran Butt,0,-0.5537194284014791
Usman Arif,0,-0.5544780938111012
RM Haq,0,-0.5544780938111012
K Nestor,0,-0.5545102666714985
Surya Anand,0,-0.5547476098938988
TM Macalou,0,-0.556135589057625
AF Ifill,0,-0.556135589057625
Hwanhee Lee,0,-0.556135589057625
SM Warnakulasuriya,0,-0.5561778248882351
Hisham Sheikh,0,-0.5562682445794441
Syed Maisam Ali,0,-0.5565534858572654
DJ Hooda,0,-0.5569544539979033
Zulqarnain Haider,0,-0.5600741908385184
A Husain,0,-0.5605477212175186
Ngawang Thinley,0,-0.5614810196216834
G Bakiweyem,0,-0.5627507069427455
M Jenkinson,0,-0.5629893304073055
PRP Boissevain,0,-0.5635203495292079
YM Nkanya,0,-0.5636383726075899
JF Mooney,0,-0.5638147599898066
H Lin Aung,0,-0.56459369010911
PP Chawla,0,-0.5651872854005439
MR Marsh,0,-0.5653392757534799
KM Jarvis,0,-0.5661031951212405
R Powell,0,-0.5662215069685304
SA Mohandas,0,-0.5673844619036568
RP Burl,0,-0.568070105461
SF Tiai,0,-0.5687189400055193
PD Collingwood,0,-0.5690164304193308
R Dhiman,0,-0.5693139473180568
N Dutta,0,-0.5720268773485502
CD Barnwell,0,-0.5724452987591956
PM Liyanagamage,0,-0.5749001465715529
UT Yadav,0,-0.5749639767446377
Sikder Billah,0,-0.575019738503248
Imran Arif,0,-0.5757254467571005
Zulfiqar Babar,0,-0.576283144494823
Imran Anwar,0,-0.5799943273994388
Mohammad Asif,0,-0.5802768404220187
KH Pandya,0,-0.5807367705307835
K Kubota,0,-0.5817463460321763
Junaid Khan,0,-0.5825887264341437
RK Kleinveldt,0,-0.5829894731922295
SW Masakadza,0,-0.583260438438642
S Nadigotla,0,-0.5833195604668264
S Waqas Ahmed,0,-0.5836806368943515
JK Mukhiya,0,-0.5839117295417828
AC Voges,0,-0.5840268902102173
RAS Lakmal,0,-0.5843400771381508
DP Michael,0,-0.58476683834645
AM Phangiso,0,-0.5847774530218822
MM Patel,0,-0.5852125997446378
Nadeem Ahmed,0,-0.5862578357714621
P Bhart,0,-0.5864076039600674
DT Johnston,0,-0.587631888637123
Hassan Mehmood,0,-0.5877898226135003
V Shankar,0,-0.5884519198339451
Abdullah Mahmood,0,-0.5888330160544382
CK Jasmat,0,-0.5888698364474587
F Akankwasa,0,-0.5894304151913698
MWR Stokes,0,-0.5901610851586302
Abdul-Shakoor Rahimzei,0,-0.5906039175944304
MW Parkinson,0,-0.5913304580456732
Fawad Alam,0,-0.5913304580456732
Anwar Ali,0,-0.5942377359326704
Thuya Aung,0,-0.5942924782070353
SKDT Madusanka,0,-0.5942924782070353
TS Braat,0,-0.5942924782070353
Mustapha Yusuf,0,-0.5942924782070353
Yamin Ahmadzai,0,-0.5956496125178525
SK Raina,0,-0.5964916830359599
D Muhumuza,0,-0.5968109448191159
Waseem Muhammad,0,-0.5970852281727013
HL Harji,0,-0.5973513573207492
CT Tremlett,0,-0.5973513573207492
Ameer Saiyed,0,-0.5975818793426074
HS Baidwan,0,-0.5980158288756754
SF Tiai,0,-0.5980352294961715
R Trumpelmann,0,-0.5986627003008895
DI Allan,0,-0.598666693851549
W Madhevere,0,-0.598666693851549
Aung Ko Ko,0,-0.598666693851549
MD Gunathilaka,0,-0.5993936784483338
A Krishna,0,-0.6006716349783879
Surya Anand,0,-0.601251090962254
JL Denly,0,-0.601251090962254
M Mwamadi,0,-0.601454449910445
Ihsanullah,0,-0.6016064921492891
D Kansonkho,0,-0.6019854695830633
P Kumar,0,-0.6033948339020732
Jubair Hossain,0,-0.6033948339020732
DR Smith,0,-0.6040569311225178
Navdeep Saini,0,-0.6040912856505398
MN Samuels,0,-0.6069354693342459
Kim Daeyeon,0,-0.6069354693342459
Syed Amanullah,0,-0.6069528836901333
H Fennell,0,-0.6076221583030725
A Neill,0,-0.6082851582093146
Nijat Masood,0,-0.6084030414396181
BM Wheeler,0,-0.6084938312196815
A Mansale,0,-0.6085261576869404
SH Obed,0,-0.6085261576869404
SMSM Senanayake,0,-0.6085261576869404
Raja Adeel,0,-0.6085261576869404
B Regmi,0,-0.6092856262221683
K Kubota,0,-0.6094594560911052
Myat Thu Aung,0,-0.6098974894956082
JDF Vandersay,0,-0.6098974894956082
JRMVB Sanjaya,0,-0.6100180549800721
S Vijayakumar,0,-0.6115224072467411
GA Lamb,0,-0.612956368609322
R Powell,0,-0.612956368609322
Imad Wasim,0,-0.6141141396107304
NO Miller,0,-0.6142717051401219
Ebadat Hossain,0,-0.6158602643764746
DE Roache,0,-0.6160772276784656
AF Ifill,0,-0.6164665479621392
Imran Ameer,0,-0.6164772963217798
F Akankwasa,0,-0.6164915577263347
GT Taylor,0,-0.6174629086781646
R Bakum,0,-0.6180316450494965
BS Stephenson,0,-0.6188588812425065
CJ Dala,0,-0.6191642006259946
J van Heerden,0,-0.6199769613199705
GD McGrath,0,-0.6207767972264746
IDM Latin,0,-0.6213592617547428
Awais Ikram,0,-0.6216904714543804
C de Grandhomme,0,-0.6222547792097617
Namgay Thinley,0,-0.622300017074856
Haider Butt,0,-0.622300017074856
Jitesh Patel,0,-0.6225578949787061
Yair Nagavkar,0,-0.6225578949787061
DS Kulkarni,0,-0.6225578949787061
Walid Ghauri,0,-0.6225578949787061
SMK Waththage,0,-0.6230604362924415
Karma Dorji,0,-0.6238236324099203
WAE Burton,0,-0.6244175267155925
D Madushanka,0,-0.6250145843852963
KS Airee,0,-0.6251694847908309
LA Simango,0,-0.6256613396919624
RD Chahar,0,-0.6260299780758171
RML Taylor,0,-0.6260299780758171
V Balakrishnan,0,-0.6261929790479126
Bashar Khan,0,-0.6269152984874521
Nijat Masood,0,-0.6275196768512147
LT Bichard,0,-0.6285705505567896
Basir Ahamad,0,-0.6297048052157939
Ayan Khan,0,-0.6297048052157939
Sikander Zulfiqar,0,-0.6310354836603723
M Faheem,0,-0.6310354836603723
DT Christian,0,-0.6313681120078984
Iftikhar Anjum,0,-0.6316097820943356
Yasir Mohammad,0,-0.6316822389670385
AW Hawkins-Kay,0,-0.6316926751421739
JC Darji,0,-0.6320738059773263
Mohammad Ghazanfar,0,-0.6320738059773263
O Thomas,0,-0.6326063493700795
B George,0,-0.6328170900295826
Izatullah Dawlatzai,0,-0.6328999958136237
T Zotos,0,-0.6336366563380693
K Gore,0,-0.6336366563380693
RMS Eranga,0,-0.6336366563380693
MS Chapman,0,-0.6348548515414916
Aphsal Ashraf,0,-0.6348548515414916
N Senamontree,0,-0.6348548515414916
Md Shafiqul Haque,0,-0.6364903537141722
Ehsan Nawaz,0,-0.6381309056790818
Omar Hayat,0,-0.6381629062672789
T Yotharat,0,-0.6381629062672789
K Piet,0,-0.6381629062672789
Imran Yousaf,0,-0.6381629062672789
TE Kane,0,-0.6387014976236192
Sultan Ahmed,0,-0.638867987840072
K Cawte,0,-0.6392073337906494
JM Muirhead,0,-0.6398763116216127
SK Awiah,0,-0.6410556103210321
CM Wright,0,-0.6416349893643898
L Nou,0,-0.6416349893643898
S Waqas Ahmed,0,-0.6416349893643898
D Johnson,0,-0.6419228046888158
GSNFG Jayasuriya,0,-0.6430958722064302
Karma Dorji,0,-0.6442283711418975
H Dandapani,0,-0.6442283711418975
A Dutt,0,-0.6442283711418975
C Munro,0,-0.6450217386014429
SC Getkate,0,-0.6452065335863642
Abdullah Mahmood,0,-0.6453098165043666
Afif Hossain,0,-0.6453098165043666
Akramullah Malikzada,0,-0.6453098165043666
Bilal Tahir,0,-0.6453098165043666
Waqar Ali,0,-0.6467894174207773
Sajad Ahmadzai,0,-0.6472872502556112
MC Henriques,0,-0.6472872502556112
PWA Mulder,0,-0.6472872502556112
Waseem Muhammad,0,-0.6472872502556112
SB Styris,0,-0.6479654499737524
N Pathan,0,-0.6482113606586524
SM Harwood,0,-0.6484221013181555
AD Mascarenhas,0,-0.6504598628300643
Najeeb Amar,0,-0.6504598628300643
Anique Uddin,0,-0.6508020971612138
GRD Munasinghe,0,-0.6519543990456347
CJ Langford,0,-0.651996103592811
Irfan Ahmed,0,-0.651996103592811
K Santokie,0,-0.6524690738833685
Yasir Arafat,0,-0.6525615573469881
Ebadat Hossain,0,-0.6537679175558516
JD Wildermuth,0,-0.6537679175558516
D Gough,0,-0.6538947099250355
A Rangaswamy,0,-0.6542039979678849
Dharmendra Manani,0,-0.6546727516832248
Abu Hider,0,-0.6555864259111306
R Sakurano-Thomas,0,-0.6562147006496313
Fayaz Khan,0,-0.6563360584753295
DK Pallekonda,0,-0.6572400006529626
Mohammed Qasim,0,-0.6572400006529626
ZK Shem,0,-0.6572400006529626
T Nightingale,0,-0.6572400006529626
Nazmul Islam,0,-0.6573668181361683
Osama Mahmood,0,-0.6575638596623752
Saber Zakhil,0,-0.6575961063683861
LA Musiani,0,-0.6575961063683861
GJ Delany,0,-0.6581536748808683
DC Stovell,0,-0.6581536748808683
HMRKB Herath,0,-0.6597481018871783
AO Suji,0,-0.6598333824304701
DC Drakes,0,-0.660811544874937
C Smith,0,-0.6613590387716692
J Coetzee,0,-0.6613590387716692
J Louw,0,-0.6614583001816031
CB Sole,0,-0.661570423200138
J Baguma,0,-0.66160403356991
AK Markram,0,-0.6634262553043726
Usman Najeeb,0,-0.6641975027823777
TM Odoyo,0,-0.6653470785933373
J Mulder,0,-0.6657579323169495
Umair Qasim,0,-0.6659661021565648
VM Vaghela,0,-0.6659661021565648
Aamir Lal,0,-0.6659661021565648
Waqas Barkat,0,-0.6660178696579074
Shohidul Islam,0,-0.6669372310163688
Junaid Aziz,0,-0.6679743397028808
Sajid Liaqat,0,-0.6694065392141963
BDH Stevens,0,-0.6697340509162952
SM Boland,0,-0.6698090092564577
Muslim Yar,0,-0.6702777629717975
P Mishra,0,-0.6717573638882084
NL Ujawe,0,-0.6732011176569589
Pavandeep Singh,0,-0.6732011176569589
DF Jacobs,0,-0.6732011176569589
R Coker,0,-0.6732011176569589
LC Le Tissier,0,-0.6732011176569589
AY Patel,0,-0.6732011176569589
A Prashar,0,-0.6735604379612359
Zain Ahmad,0,-0.6745559274033268
HA Varaiya,0,-0.6745559274033268
Gurpratap Singh,0,-0.6762145696008459
G Ngegba,0,-0.676964050060242
SA Okpe,0,-0.676964050060242
Aayan Afzal Khan,0,-0.676964050060242
P Negi,0,-0.676964050060242
STR Binny,0,-0.676964050060242
SKS Gill,0,-0.6778558001651488
AY Patel,0,-0.6785251891286498
D Ajekun,0,-0.6796406981506558
P Buccimazza,0,-0.6796406981506558
C Munro,0,-0.6796495382511885
SD Valjalo,0,-0.6804735437604005
C Rububagumya,0,-0.680971869128151
Ali Hasan,0,-0.6815711134451377
TCW Veillard,0,-0.6823584330476131
AM Phangiso,0,-0.6823584330476131
AM Guruge,0,-0.6823584330476131
SM Harwood,0,-0.6823584330476131
Ibrahim Jabarkhel,0,-0.6823584330476131
Nazmul Islam,0,-0.6823584330476131
MM Ali,0,-0.6823584330476131
C Chatphaisan,0,-0.6823584330476131
YYM Jakda,0,-0.6828909801890917
Yuvraj Singh,0,-0.6831216213482993
Waseeq Ahmed,0,-0.6831216213482993
WPUJC Vaas,0,-0.6835725492729312
AS Abioye,0,-0.6835725492729312
Paing Danu,0,-0.6835725492729312
TK Lal,0,-0.6847907444763535
Sher Sahak,0,-0.6847907444763535
Hussain Talat,0,-0.6847907444763535
CPPM Sadun,0,-0.686796448488276
MF Maharoof,0,-0.6878409212982908
SG Whittingham,0,-0.6878409212982908
WK Bitis,0,-0.6878409212982908
SR Tendulkar,0,-0.6878409212982908
Naveed Ahmed,0,-0.6878409212982908
AJ McKay,0,-0.6900968989322662
SHA Rance,0,-0.6909241269925858
J Rasu,0,-0.6910509444757914
AA Noffke,0,-0.6912488316408512
I Asif,0,-0.6915708822992519
DJ Turkich,0,-0.6925690613488147
R Ravindra,0,-0.6925690613488147
CJPF Kalugamage,0,-0.6925690613488147
MM Iqbal,0,-0.6925690613488147
LPC Silva,0,-0.6925690613488147
Farhan Ahmed,0,-0.6925690613488147
S Dube,0,-0.6937327671734181
SO Tikolo,0,-0.6951648808210675
CG Osborne,0,-0.6952457094392286
Kamran Shazad,0,-0.6960785550489732
PF Gallagher,0,-0.6961593836671344
CL White,0,-0.6965571011704829
E Chigumbura,0,-0.6980889602025399
S Rossi,0,-0.6988534501200778
Haider Butt,0,-0.7000912347894098
Waheed Ahmed,0,-0.7000912347894098
RA Abolarin,0,-0.7000912347894098
Anwar Rahman,0,-0.7021769913259137
JT Smuts,0,-0.7023345614927361
JK Kamande,0,-0.7029346147779614
RP Meredith,0,-0.7031703673233537
Sufyan Mehmood,0,-0.7034459325868635
Robert Raina,0,-0.7034459325868635
Mirwais Ashraf,0,-0.7035782465521131
SS Pathirana,0,-0.7038130013608267
MM Sharma,0,-0.7043596068147693
JD Newton,0,-0.706885243996582
MP O'Dowd,0,-0.7072467831134481
HF Gurney,0,-0.7078937404336962
Akhil Anil,0,-0.7080719274421319
M Cope,0,-0.7088229124785536
M Stoman,0,-0.7096869011162501
VM Nyauchi,0,-0.709898695940469
AS Hansra,0,-0.7106481763998651
RJG Palmer,0,-0.7117643949557071
MJ Clarke,0,-0.7146877496408683
D Bishoo,0,-0.7153867953070667
SI Kamea,0,-0.7158348277771318
Asad Mohammad,0,-0.7184506820441514
AJ Michael,0,-0.7190761941893131
P Kumar,0,-0.721496477135399
LA Musiani,0,-0.7229185849556722
Muhammad Tanveer,0,-0.7244928090556272
M Campopiano,0,-0.7269006525289399
G Wijekoon,0,-0.7288490071606906
CV Varun,0,-0.7288490071606906
Zeerak Chughtai,0,-0.7288490071606906
M Gherasim,0,-0.7289298357788517
B Khumalo,0,-0.7314304092948937
Ravinderpal Singh,0,-0.7317410448409114
Mohammad Ashraful,0,-0.7318945322349133
Tanveer Ahmed,0,-0.7390867320904262
C Sakariya,0,-0.7416591040267969
HMCM Bandara,0,-0.7419179761910013
T Tshose,0,-0.7420654212618711
NK Tiwari,0,-0.7476888748897418
DA Blignaut,0,-0.750189443983338
Z Simpson,0,-0.7515290305314015
T Kahamker,0,-0.7538567823953461
Zahid Abbas,0,-0.7563989810102902
Amoluk Singh,0,-0.7575424063281893
BB Sran,0,-0.7606438465487178
Nasir Hossain,0,-0.7611412319705304
Zohaib Sarwar,0,-0.7614178759049633
JB Abega,0,-0.7621714672969062
CA Soper,0,-0.7674126513621897
K Namchaikul,0,-0.769461793683919
WT Mashinge,0,-0.7747175994717652
J Ghadiyali,0,-0.7748966875260501
Mansoor Amjad,0,-0.7749442819345964
Aminul Islam,0,-0.7797590348244745
MV Matsau,0,-0.7811432704793633
CE McConchie,0,-0.7841783077655093
I Danladi,0,-0.7842571458857194
SA Abbott,0,-0.7844820523872476
TK Lal,0,-0.785077601765358
JL Denly,0,-0.785077601765358
Sabbir Rahman,0,-0.7859740599112206
AJ Turner,0,-0.7887524289053347
Aftab Kayani,0,-0.7903226107603379
Ibrahim Rizan,0,-0.7938725416405414
S Kushretha,0,-0.79721052995682
DJ Malan,0,-0.7972812235155566
M Jobarteh,0,-0.7974920206034917
I Ntirenganya,0,-0.797811323694025
Naved-ul-Hasan,0,-0.7993497838728545
ST Gabriel,0,-0.7996749615176486
UWMBCA Welegedara,0,-0.8063348739451521
Saqib Zulfiqar,0,-0.8074532783901098
E Ochieng,0,-0.8089865011626245
SC Meaker,0,-0.809356505978186
M Mooketsi,0,-0.8101299264805237
Sher Sahak,0,-0.8139778013980687
Rafiullah,0,-0.8140617776027992
R Abdulkareem,0,-0.816643730057927
KK Dobell,0,-0.8185880275320085
KB Ahir,0,-0.8194084834116473
Hussain Talat,0,-0.8219717251075558
Arjun Vinod,0,-0.8220601106291197
Waqas Maqsood,0,-0.8239794845795114
R Frylinck,0,-0.8257349377690963
AAhan Achar,0,-0.8258010454485816
V Ravindran,0,-0.8258010454485816
Umar Adam,0,-0.8296667888913718
RJ Ranpura,0,-0.8296667888913718
DR Briggs,0,-0.8296667888913718
KC Hodsoll,0,-0.830884984094794
Taher Muhammad,0,-0.830884984094794
Sirajullah Khadim,0,-0.831283533699259
Charanjeet Singh,0,-0.8341930388205814
Parvez Rasool,0,-0.8341930388205814
Shahil Momin,0,-0.8341930388205814
TK Patel,0,-0.8341930388205814
SSM Stanislaus,0,-0.8354762917142127
A Martel,0,-0.8360116737497829
M Leporoporo,0,-0.8376651219176925
R Athapaththu,0,-0.8376651219176925
MR Montfort,0,-0.8376651219176925
M Whelan,0,-0.8413399490576692
Rizwan Cheema,0,-0.8413399490576692
D Mogan,0,-0.8433173828089138
Mohsin Khan,0,-0.8433173828089138
Tauqeer Hussain,0,-0.8461828241701636
K Bhurtel,0,-0.8463912234212947
W Viraliliu,0,-0.8463912234212947
M Shumba,0,-0.8464899953833669
B Jerkovic,0,-0.8468885449878318
RR Sarwan,0,-0.8526610312744478
Adnan Razzaq,0,-0.8532701332062651
MS Graham,0,-0.8542933331287696
K Piet,0,-0.8553517630562928
GM Ntambalika,0,-0.856944960346242
A Reyes,0,-0.857011068025727
CT Mutombodzi,0,-0.8582251842510451
Azyan Farhath,0,-0.86043040855676
S Shrivastava,0,-0.8619962347098673
Gulsan Jha,0,-0.8619962347098673
KS Williamson,0,-0.8619962347098673
Hamid Mahmood,0,-0.8619962347098673
Ayyaz Qureshi,0,-0.862060045266438
TCW Veillard,0,-0.862783554312343
Nyeing Cham Soe,0,-0.862783554312343
D Jakiel,0,-0.8682660425630206
S Nsubuga,0,-0.8682660425630206
AJ Hosein,0,-0.8682660425630206
KJ Ferrary,0,-0.8692312502102615
JD Nel,0,-0.8692312502102615
CJ Boyce,0,-0.8692312502102615
Waqar Abbasi,0,-0.8692312502102615
MTMMJ Ave,0,-0.8692312502102615
Abdullah Jasat,0,-0.8692312502102615
G Mubiru,0,-0.8692312502102615
M Simpson-Parker,0,-0.8719960035639815
A Pusthay,0,-0.8729941826135446
Ibrahim Jabarkhel,0,-0.8729941826135446
D Wotu,0,-0.8729941826135446
T Nightingale,0,-0.8729941826135446
Sulaiman Ali,0,-0.8730582247005048
KA Maharaj,0,-0.8730582247005048
AJ Hall,0,-0.8756708307039585
W Behr,0,-0.8756708307039585
K Hinds,0,-0.8756708307039585
J Kariko,0,-0.8783885656009158
L Siaka,0,-0.8783885656009158
S di Bartolomeo,0,-0.8783885656009158
C Pervez,0,-0.8783885656009158
E Samson,0,-0.8783885656009158
Shagharai Sefat,0,-0.8783885656009158
Aziz Mohammad,0,-0.8783885656009158
Namgay Thinley,0,-0.8783885656009158
MNR Cooray,0,-0.8796026818262339
C Waiswa,0,-0.8838710538515933
K Subramanian,0,-0.8838710538515933
DS Kulkarni,0,-0.8848362614988341
Shivam Mavi,0,-0.8848362614988341
CR Suryawanshi,0,-0.8885991939021174
AR Patwa,0,-0.8885991939021174
Sidhant Singh,0,-0.8885991939021174
Anik Ahmed,0,-0.8885991939021174
AR White,0,-0.8912758419925311
N Nuntarach,0,-0.8928710318924638
GA Lamb,0,-0.8952076931148065
Rokhan Barakzai,0,-0.8952076931148065
K Weeraratne,0,-0.8994760651401661
RK Paudel,0,-0.9110540590288629
F Hand,0,-0.9146988325774268
Abdul Naser Baluch,0,-0.9146988325774268
ML Lewis,0,-0.9531022719214435
Asghar Stanikzai,0,-0.9713695810356568
RJ Harris,0,-0.9713695810356568
NM Hauritz,0,-1.0345313627121342
M Abdulla,0,-1.0511015816479479
Aaron Jones,0,-1.0813463965778525
RN Patel,0,-1.0813463965778525
DI Allan,0,-1.116286380155959
RDB Ahir,0,-1.1344214420139132
